departamento;ciudad;latitud;longitud
Bogotá;Bogota;4,7111;-74,0722
Valle del Cauca;Cali;3,4206;-76,5222
Antioquia;Medellin;6,2308;-75,5906
Atlántico;Barranquilla;10,9833;-74,8019
Bolívar;Cartagena;10,4;-75,5
Santander;Bucaramanga;7,1333;-73
Norte de Santander;Cucuta;7,8942;-72,5039
Huila;Palermo;2,8917;-75,4375
Atlántico;Soledad;10,9167;-74,75
Meta;Villavicencio;4,15;-73,6333
Risaralda;Pereira;4,8143;-75,6946
Antioquia;Bello;6,3333;-75,5667
Tolima;Ibague;4,4333;-75,2333
Cesar;Valledupar;10,4833;-73,25
Cundinamarca;Soacha;4,5872;-74,2214
Magdalena;Santa Marta;11,2419;-74,2053
Caldas;Manizales;5,0675;-75,51
Valle del Cauca;Buenaventura;3,8772;-77,0267
Nariño;Pasto;1,2078;-77,2772
Córdoba;Monteria;8,75;-75,8833
Huila;Neiva;2,9345;-75,2809
Valle del Cauca;Palmira;3,5833;-76,25
Bogotá;Fontibon;4,6786;-74,1411
Bogotá;Usme;4,4464;-74,1522
Quindío;Armenia;4,53;-75,68
Cauca;Popayan;2,4542;-76,6092
Santander;Barrancabermeja;7,0667;-73,85
Santander;Floridablanca;7,2167;-73,0667
Sucre;Sincelejo;9,295;-75,3961
Antioquia;Itagui;6,1667;-75,6167
Antioquia;Envigado;6,1667;-75,5667
Valle del Cauca;Tulua;4,0833;-76,2
Nariño;Tumaco;1,8067;-78,7647
La Guajira;Uripa;11,9167;-72
Cundinamarca;Zipaquira;5,0333;-74
Caquetá;Florencia;1,6139;-75,6128
Antioquia;Turbo;8,1;-76,7333
Cauca;Santander de Quilichao;3,0167;-76,4833
Risaralda;Dosquebradas;4,8333;-75,6833
Cundinamarca;Fusagasuga;4,3452;-74,3618
Nariño;Ipiales;0,8303;-77,6444
La Guajira;Riohacha;11,5442;-72,9069
Boyacá;Tunja;5,5333;-73,3667
Santander;Giron;7,0708;-73,1731
Santander;Piedecuesta;7,0833;-73
Cundinamarca;Facatativa;4,8167;-74,3667
Valle del Cauca;Cartago;4,7;-75,9167
Atlántico;Malambo;10,85;-74,75
Antioquia;Rionegro;6,1535;-75,3743
Huila;Pitalito;1,8989;-76,0419
Boyacá;Duitama;5,8333;-73,0167
Chocó;Quibdo;5,6922;-76,6581
Valle del Cauca;Jamundi;3,2667;-76,55
Cundinamarca;Girardot;4,305;-74,8017
Magdalena;Cienaga;11,0069;-74,25
Valle del Cauca;Guadalajara de Buga;3,9;-76,3019
Cundinamarca;Mosquera;4,7078;-74,2328
Cundinamarca;Chia;4,85;-74,05
Bolívar;Magangue;9,25;-74,7667
La Guajira;Maicao;11,3778;-72,2389
Antioquia;Apartado;7,8833;-76,6333
La Guajira;Uribia;11,9167;-72
Norte de Santander;Ocana;8,2333;-73,35
Boyacá;Sogamoso;5,7167;-72,9208
Bolívar;Turbaco;10,35;-75,3333
Cundinamarca;Madrid;4,7344;-74,2683
Cesar;Aguachica;8,3167;-73,6333
Norte de Santander;Villa del Rosario;7,8339;-72,4742
Casanare;Yopal;5,35;-72,41
Antioquia;Sabanalarga;6,85;-75,8167
Arauca;Arauca;7,0903;-70,7617
Valle del Cauca;Candelaria;3,4;-76,3833
Valle del Cauca;Yumbo;3,585;-76,4958
Córdoba;Cerete;8,8833;-75,8
Norte de Santander;Los Patios;7,8333;-72,5167
Cundinamarca;Funza;4,7167;-74,2167
Magdalena;Fundacion;10,5214;-74,1867
Córdoba;Sahagun;8,95;-75,45
Córdoba;Montelibano;7,975;-75,4208
Antioquia;Caucasia;7,9833;-75,2
Antioquia;Caldas;6,09;-75,638
Boyacá;Chiquinquira;5,6333;-73,75
Atlántico;Sabanalarga;10,63;-74,9236
Antioquia;Chigorodo;7,6675;-76,6808
Antioquia;Sabaneta;6,15;-75,6
Cundinamarca;Cajica;4,9167;-74,0333
Córdoba;Tierralta;7,9167;-76,1667
Tolima;Espinal;4,2;-74,8333
Bolívar;Arjona;10,2586;-75,3461
Meta;Acacias;3,9878;-73,7597
Antioquia;Copacabana;6,3333;-75,5
Risaralda;Santa Rosa de Cabal;4,8667;-75,6167
Caquetá;San Vicente del Caguan;2,1167;-74,7667
Caldas;La Dorada;5,4538;-74,6647
Bolívar;Turbana;10,2833;-75,45
Magdalena;El Banco;8,9983;-73,9747
San Andrés y Providencia;San Andres;12,5847;-81,7006
Quindío;Calarca;4,5333;-75,65
Antioquia;La Estrella;6,1667;-75,6667
Sucre;Corozal;9,3333;-75,25
Huila;Garzon;2,1819;-75,6578
Córdoba;Planeta Rica;8,4089;-75,5819
Antioquia;Necocli;8,4167;-76,7833
Guaviare;San Jose del Guaviare;2,5667;-72,6333
La Guajira;Manaure;11,7792;-72,4494
Huila;La Plata;2,39;-75,9075
Bolívar;El Carmen de Bolivar;9,7167;-75,1333
Antioquia;La Ceja;6,0306;-75,4317
Antioquia;Marinilla;6,1738;-75,3347
Córdoba;Cienaga de Oro;8,8833;-75,6167
Putumayo;Puerto Asis;0,5167;-76,5
Antioquia;Carmen de Viboral;6,0833;-75,3333
Caldas;Riosucio;5,4208;-75,7025
Magdalena;Plato;9,7919;-74,7872
Caldas;Villamaria;5;-75,5
Atlántico;Galapa;10,8969;-74,886
Sucre;San Marcos;8,6611;-75,1347
Valle del Cauca;Florida;3,3275;-76,2386
Valle del Cauca;Pradera;3,4167;-76,1667
Putumayo;Orito;0,6661;-76,8708
Chocó;Riosucio;7,4406;-77,1189
Boyacá;Puerto Boyaca;6;-74,4167
Valle del Cauca;El Cerrito;3,6667;-76,1667
Putumayo;Mocoa;1,15;-76,6475
Meta;Granada;3,5472;-73,7086
Arauca;Saravena;6,9556;-71,8722
Putumayo;Valle del Guamuez;0,4253;-76,9053
Córdoba;Puerto Libertador;7,9067;-75,6733
Arauca;Tame;6,4667;-71,7333
Antioquia;Barbosa;6,439;-75,333
Córdoba;Lorica;9,2419;-75,816
Sucre;San Onofre;9,7333;-75,5333
Santander;San Gil;6,5592;-73,135
Antioquia;El Bagre;7,5942;-74,8119
Atlántico;Baranoa;10,8;-74,9167
Antioquia;Girardota;6,3764;-75,4473
Antioquia;Guarne;6,28;-75,4427
Caldas;Chinchina;4,9825;-75,6036
Tolima;Chaparral;3,75;-75,5833
Córdoba;Chinu;9,0833;-75,3333
Norte de Santander;Pamplona;7,3781;-72,6525
Santander;Cimitarra;6,3167;-73,95
Bolívar;Maria la Baja;10;-75,3333
Cesar;Agustin Codazzi;10,0367;-73,2369
Nariño;Samaniego;1,35;-77,6
Cauca;El Tambo;2,4514;-76,8108
Antioquia;Carepa;7,7578;-76,6553
Cauca;La Vega;2,0008;-76,7778
Córdoba;San Andres de Sotavento;9,15;-75,5
Córdoba;Ayapel;8,3167;-75,15
Antioquia;Urrao;6,3156;-76,1342
Valle del Cauca;Zarzal;4,3983;-76,0772
Córdoba;Valencia;8,2;-76,2167
Cesar;La Jagua de Ibirico;9,5667;-73,3333
Quindío;La Tebaida;4,45;-75,8
Cauca;Puerto Tejada;3,25;-76,4167
Córdoba;San Pelayo;8,9667;-75,85
Cauca;Bolivar;1,9708;-76,9694
Antioquia;Arboletes;8,8517;-76,4283
Cundinamarca;Villeta;5,0083;-74,4738
Antioquia;Andes;5,5833;-75,9167
Casanare;Aguazul;5,1731;-72,5547
Vichada;Cumaribo;4,4333;-69,8
Atlántico;Puerto Colombia;11,0167;-74,8833
Cauca;Miranda;3,25;-76,25
Nariño;El Charco;2,4775;-78,1111
Antioquia;Caceres;7,6667;-75,3333
Bolívar;Santa Rosa del Sur;7,9667;-74,05
Santander;Lebrija;7,1131;-73,2189
Quindío;Montenegro;4,5671;-75,7504
Córdoba;Pueblo Nuevo;8,5008;-75,5072
Antioquia;Yarumal;7;-75,5
Meta;Puerto Gaitan;4,3142;-72,0825
Córdoba;Tuchin;9,1833;-75,55
Arauca;Arauquita;7,0303;-71,4356
Nariño;Tuquerres;1,0833;-77,6167
Valle del Cauca;Sevilla;4,2689;-75,9361
Cundinamarca;Guaduas;5,0694;-74,5981
Antioquia;Segovia;7,0781;-74,7017
Chocó;Pie de Pato;5,5333;-77
Cesar;Bosconia;9,9761;-73,8903
Nariño;Cumbal;0,9078;-77,7908
Magdalena;Aracataca;10,5937;-74,1928
Valle del Cauca;La Union;3,6539;-76,5722
Huila;Acevedo;1,8192;-75,8964
Tolima;Libano;4,9167;-75,1667
La Guajira;Fonseca;10,8333;-72,8333
Cundinamarca;Villa de San Diego de Ubate;5,3072;-73,8144
La Guajira;San Juan del Cesar;10,7667;-73
Antioquia;Puerto Berrio;6,49;-74,4025
Antioquia;Taraza;7,5881;-75,4028
Nariño;Barbacoas;1,6717;-78,1397
Cauca;Cajibio;2,6333;-76,6333
Norte de Santander;Abrego;8;-73,2
Cundinamarca;Sibate;4,4908;-74,2594
Sucre;Sampues;9,1833;-75,3833
La Guajira;Dibulla;11,2667;-73,3
Cauca;Patia;2,1667;-77,0833
La Guajira;Barrancas;11;-72,75
Cauca;El Bordo;2,1667;-77,0833
Antioquia;Santa Rosa de Osos;6,65;-75,4667
Norte de Santander;Tibu;8,65;-72,7333
Tolima;Melgar;4,2039;-74,6428
Valle del Cauca;Dagua;3,6667;-76,7
Meta;La Macarena;2,1828;-73,7847
Cauca;Belalcazar;2,6547;-75,9928
Antioquia;Sonson;5,7097;-75,3108
Cundinamarca;Tocancipa;4,9657;-73,9136
Bolívar;San Pablo;7,4825;-73,925
Cauca;Piendamo;2,6408;-76,5284
Sucre;Santiago de Tolu;9,5333;-75,5833
Valle del Cauca;Guacari;3,7667;-76,3333
Huila;Gigante;2,3867;-75,5461
Caquetá;Cartagena del Chaira;1,35;-74,8333
Antioquia;Santuario;6,1375;-75,2639
Antioquia;Yarumal;7,0306;-75,5905
Quindío;Quimbaya;4,6333;-75,75
Cauca;Buenos Aires;2,9167;-76,6667
Meta;Puerto Lopez;4,0872;-72,9606
Sucre;San Luis de Since;9,25;-75,15
Huila;Campoalegre;2,6867;-75,3256
Córdoba;San Bernardo del Viento;9,35;-75,95
Cauca;Caldono;2,8;-76,5333
Huila;San Agustin;1,9;-76,2833
Bolívar;San Juan Nepomuceno;9,95;-75,0833
Sucre;Majagual;8,5;-74,6667
Risaralda;Quinchia;5,3379;-75,7296
Cauca;Timbio;2,3445;-76,6839
Caquetá;Puerto Rico;1,9142;-75,145
Valle del Cauca;Roldanillo;4,4167;-76,15
Caldas;Anserma;5,2381;-75,784
Córdoba;San Antero;9,3833;-75,75
Amazonas;Leticia;-4,2167;-69,9333
Cauca;Corinto;3,1739;-76,2594
Atlántico;Sabanagrande;10,8;-74,75
Cundinamarca;La Mesa;4,6303;-74,4625
Magdalena;Pivijay;10,4667;-74,6167
Magdalena;Puebloviejo;10,9942;-74,2833
Nariño;Bocas de Satinga;2,3469;-78,3256
Córdoba;Puerto Escondido;8,95;-76,25
Cauca;Silvia;2,6167;-76,3833
Cundinamarca;Cota;4,8167;-74,1
Tolima;San Sebastian de Mariquita;5,25;-74,9167
Magdalena;El Dificil;9,85;-74,2386
Cauca;Inza;2,55;-76,0667
Risaralda;La Virginia;4,9167;-75,8333
Antioquia;San Pedro de Uraba;8,2833;-76,3833
Tolima;Ortega;3,9167;-75,25
Antioquia;Remedios;7,0275;-74,6939
Atlántico;Santo Tomas;10,7667;-74,9167
Boyacá;Paipa;5,8333;-73,15
Nariño;Guachaves;1,2219;-77,6772
Magdalena;Sitionuevo;10,7833;-74,7167
Santander;Puerto Wilches;7,35;-73,9
Caldas;Neira;5,1664;-75,5189
Tolima;Guamo;4,0833;-74,9167
Santander;Socorro;6,5333;-73,2
Antioquia;Amaga;6,05;-75,7
Cesar;Chimichagua;9,25;-73,8167
Tolima;Planadas;3,1964;-75,6444
Cauca;Guapi;2,5703;-77,8856
Tolima;Fresno;5,1556;-75,0403
Cundinamarca;Tabio;4,9158;-74,0983
Santander;Barbosa;5,933;-73,621
Tolima;Purificacion;3,8586;-74,9306
Tolima;Flandes;4,2833;-74,8
Huila;Aipe;3,2167;-75,2333
Cundinamarca;Sopo;4,9167;-73,9333
Córdoba;Monitos;9,2503;-76,1325
Putumayo;La Dorada;0,3436;-76,9108
Cundinamarca;La Calera;4,7531;-73,92
Valle del Cauca;Caicedonia;4,3333;-75,8333
La Guajira;Villanueva;10,6;-72,9833
Córdoba;San Carlos;8,8006;-75,7022
Cesar;El Copey;10,15;-73,9667
Huila;Isnos;1,9333;-76,2333
Putumayo;Puerto Leguizamo;-0,1939;-74,7806
Tolima;Coyaima;3,8333;-75,0833
Vaupés;Mitu;1,1983;-70,1733
Magdalena;Guamal;9,1472;-74,23
Santander;San Vicente de Chucuri;6,8833;-73,4167
Cundinamarca;Pacho;5,1306;-74,1583
Atlántico;Palmar de Varela;10,75;-74,75
Cauca;Argelia;2,2431;-77,2786
Caldas;Supia;5,4667;-75,65
Antioquia;Ciudad Bolivar;5,85;-76,0333
Casanare;Tauramena;5,0167;-72,75
Antioquia;San Juan de Uraba;8,7667;-76,5333
Cesar;Pueblo Bello;10,4167;-73,5833
Cesar;Chiriguana;9,3667;-73,6
Arauca;Fortul;6,7922;-71,7756
Cauca;Morales;2,7603;-76,6339
Córdoba;Los Cordobas;8,9;-76,3667
Quindío;Circasia;4,6167;-75,6333
Cauca;Toribio;2,9581;-76,2714
Sucre;San Benito Abad;8,9333;-75,0333
Cesar;San Alberto;7,7525;-73,3892
Cauca;Balboa;2,0436;-77,2197
Caldas;Pensilvania;5,5;-75,0833
Santander;Rionegro;7,2642;-73,1494
Casanare;Paz de Ariporo;5,8833;-71,9
Nariño;Buesaco;1,3833;-77,1667
Bolívar;Mahates;10,2333;-75,1833
Chocó;Istmina;5,1667;-76,6833
Magdalena;Santa Ana;9,319;-74,57
Meta;San Martin;3,6944;-73,6936
Caldas;Samana;5,5833;-74,9167
Antioquia;Nechi;8,1;-74,7833
Antioquia;Yolombo;6,5978;-75,0122
Caquetá;Solano;0,6983;-75,2539
Valle del Cauca;Andalucia;4,1667;-76,1667
Meta;Vistahermosa;3,1239;-73,7514
Nariño;San Jose;1,6967;-78,2453
Cauca;Caloto;3,0333;-76,4167
Risaralda;Belen de Umbria;5,2;-75,8667
Nariño;La Union;1,6019;-77,1317
Cundinamarca;Choconta;5,1467;-73,6825
Nariño;Sandona;1,2833;-77,4667
Magdalena;Chivolo;10,0261;-74,6211
Bolívar;Pinillos;8,9167;-74,4667
Bolívar;Morales;8,3133;-73,8719
Casanare;Villanueva;4,6087;-72,9288
Huila;Algeciras;2,5333;-75,3167
Bolívar;Santa Rosa;10,4456;-75,3686
Bolívar;Calamar;10,25;-74,9158
Guaviare;El Retorno;2,3306;-72,6278
Antioquia;Valdivia;7,289;-75,398
Putumayo;Puerto Guzman;0,9667;-76,5833
Antioquia;Donmatias;6,4833;-75,4333
Tolima;Rioblanco;3,5;-75,8333
Risaralda;Marsella;4,9167;-75,75
Cundinamarca;Cogua;5,0667;-73,9833
Antioquia;Zaragoza;7,494;-74,871
Norte de Santander;El Zulia;7,9333;-72,6
La Guajira;Hatonuevo;11,0694;-72,7669
Tolima;Honda;5,2042;-74,7417
Antioquia;Ituango;7,1717;-75,7642
Cesar;El Paso;9,6622;-73,7519
Córdoba;Canalete;8,79;-76,2411
Norte de Santander;Teorama;8,4333;-72,2833
Nariño;San Jose;1,4744;-77,0836
Meta;Puerto Concordia;2,6833;-72,7667
Bolívar;Achi;8,5667;-74,55
Cesar;Curumani;9,2;-73,55
Antioquia;Dabeiba;7;-76,25
Atlántico;Luruaco;10,6083;-75,1417
Huila;Rivera;2,7853;-75,2589
Huila;Guadalupe;2,025;-75,7572
Antioquia;Amalfi;6,9167;-75,0833
Córdoba;Buenavista;8,6833;-75,25
Caldas;Manzanares;5,2519;-75,1569
Antioquia;Santa Fe de Antioquia;6,55;-75,8167
Norte de Santander;Sardinata;8,0833;-72,8
Santander;Sabana de Torres;7,4;-73,5
Antioquia;Mutata;7,2442;-76,4358
Sucre;Sucre;8,8139;-74,7253
Tolima;Natagaima;3,5833;-75,0833
Caquetá;El Doncello;1,6833;-75,2833
Cundinamarca;El Colegio;4,5808;-74,4425
Atlántico;Repelon;10,55;-75,1333
Cesar;Pailitas;8,9667;-73,6333
Cauca;Timbiqui;2,7719;-77,665
Bolívar;Tiquisio;8,5667;-74,2667
Cundinamarca;Silvania;4,4033;-74,3881
Nariño;Taminango;1,5667;-77,2833
Boyacá;Villa de Leyva;5,6333;-73,5333
Sucre;Los Palmitos;9,3811;-75,2714
Valle del Cauca;Ginebra;3,75;-76,1667
Antioquia;Puerto Triunfo;5,8667;-74,65
Bolívar;San Jacinto;9,8311;-75,1219
Magdalena;Nueva Granada;9,8031;-74,3903
Sucre;Galeras;9,1667;-75,05
Putumayo;Villagarzon;1,0294;-76,6164
Nariño;San Bernardo;1,5108;-77,0467
Caquetá;El Paujil;1,5644;-75,3319
Antioquia;Santa Barbara;5,8747;-75,5661
Meta;Cumaral;4,2694;-73,4864
Cauca;Almaguer;1,9167;-76,8667
Caldas;Aguadas;5,6167;-75,4667
Bolívar;Montecristo;8,2994;-74,4756
Huila;Suaza;1,9833;-75,8167
Cundinamarca;Villapinzon;5,2167;-73,6
Antioquia;Fredonia;5,9167;-75,6667
Magdalena;El Reten;10,6167;-74,2667
Valle del Cauca;Bugalagrande;4,2167;-76,1667
Nariño;Sotomayor;1,4933;-77,5214
Santander;El Carmen de Chucuri;6,6981;-73,5111
Boyacá;Moniquira;5,9167;-73,5
Sucre;Ovejas;9,5;-75,1667
Bolívar;Villanueva;10,4456;-75,2761
Boyacá;Samaca;5,5;-73,4833
Cesar;Becerril;9,7;-73,2833
Huila;Timana;1,9833;-75,95
Cesar;San Martin;8,0472;-73,5153
Nariño;San Lorenzo;1,5039;-77,2178
Antioquia;Abejorral;5,7894;-75,4281
Guainía;Inirida;3,8653;-67,9239
Bolívar;Simiti;7,9667;-73,95
Antioquia;Concordia;6,049;-75,909
Cundinamarca;Tenjo;4,9167;-74,1667
Tolima;Rovira;4,25;-75,3333
Antioquia;Frontino;6,7833;-76,1333
Sucre;Tolu Viejo;9,45;-75,45
Cauca;Suarez;2,9589;-76,6953
La Guajira;Urumita;10,5667;-73,0167
Tolima;Venadillo;4,75;-74,9167
Valle del Cauca;Ansermanuevo;4,8;-76
Atlántico;Polonuevo;10,7833;-74,8667
La Guajira;Albania;11,1597;-72,5856
Antioquia;La Union;5,9736;-75,3614
Cundinamarca;El Rosal;4,8519;-74,2628
Chocó;Tado;5,2667;-76,5667
Magdalena;San Sebastian de Buenavista;9,2403;-74,3556
Tolima;Anzoategui;4,6339;-75,0972
Nariño;Guachucal;0,9667;-77,7333
Santander;Velez;6,0103;-73,6763
Cundinamarca;Tocaima;4,5;-74,6667
Cauca;Villa Rica;2,5167;-76,85
Caldas;Salamina;5,4083;-75,49
Chocó;Pizarro;4,95;-77,3667
Cesar;San Diego;10,3375;-73,1825
Cesar;Astrea;9,5;-73,9833
Atlántico;Ponedera;10,65;-74,75
Atlántico;Campo de la Cruz;10,3778;-74,8814
Córdoba;Buenavista;8,6805;-75,2554
Santander;Malaga;6,7833;-72,6667
Valle del Cauca;Trujillo;4,25;-76,3333
Valle del Cauca;San Pedro;4;-76,2292
Norte de Santander;Convencion;8,8333;-73,2
Nariño;Ricaurte;1,2108;-77,9933
Antioquia;San Vicente;6,2819;-75,3322
Sucre;San Pedro;8,7333;-74,7167
Cesar;Pelaya;8,6833;-73,6667
Antioquia;Salgar;5,9617;-75,9753
Vichada;La Primavera;5,4906;-70,4092
Cauca;Totoro;2,5117;-76,4003
Meta;Restrepo;4,25;-73,5667
Antioquia;Yondo;7;-73,9167
Risaralda;Mistrato;5,3;-75,8833
Putumayo;Puerto Guzman;0,9703;-76,5858
Sucre;Guaranda;8,4667;-75,5333
Cundinamarca;Suesca;5,1;-73,8
Antioquia;Betulia;6,1122;-75,9839
Tolima;Cajamarca;4,4167;-75,5
Magdalena;Tiogollo;10,3408;-74,7333
Norte de Santander;Toledo;7,3131;-72,4875
Tolima;Lerida;4,9;-74,9167
La Guajira;Distraccion;10,9;-72,8833
Cundinamarca;Caqueza;4,4053;-73,9478
Cundinamarca;Gachancipa;4,9908;-73,8731
Antioquia;Retiro;6,0572;-75,5025
Boyacá;Garagoa;5,0825;-73,3642
Antioquia;San Roque;6,4853;-75,0197
Vichada;Puerto Carreno;6,1903;-67,4836
Magdalena;El Pinon;10,3333;-74,6667
Nariño;La Cruz;1,6047;-76,9742
Bolívar;San Estanislao;10,4;-75,15
Antioquia;Anori;7,0736;-75,1458
Nariño;Pupiales;0,8667;-77,65
Valle del Cauca;Toro;4,6117;-76,0814
Cauca;Jambalo;2,85;-76,3167
Norte de Santander;Chinacota;7,6167;-72,6
Boyacá;Nobsa;5,7667;-72,95
Córdoba;Momil;9,2333;-75,6833
Valle del Cauca;Yotoco;3,8667;-76,3833
Valle del Cauca;Restrepo;3,825;-76,525
Nariño;El Penol;6,2186;-75,2433
Córdoba;Cotorra;9,05;-75,8
Cundinamarca;Subachoque;4,9281;-74,1736
Huila;Tarqui;2,1106;-75,8231
Boyacá;Aquitania;5,5833;-72,8333
Valle del Cauca;Darien;3,9167;-76,6667
Magdalena;Pijino del Carmen;9,3333;-74,45
Cundinamarca;Guasca;4,8658;-73,8772
Caquetá;La Montanita;1,5833;-75,25
Boyacá;Ventaquemada;5,4167;-73,5
Santander;Landazuri;6,2181;-73,8114
Antioquia;San Jeronimo;6,4417;-75,7278
Antioquia;Tamesis;5,6667;-75,7167
Córdoba;La Apartada;8,1006;-75,3825
Cundinamarca;Puerto Salgar;5,5;-74,5833
Cesar;La Gloria;8,5833;-73,5833
Valle del Cauca;Obando;4,5833;-75,9167
Cauca;Coconuco;2,25;-76,4167
Casanare;Monterrey;4,8783;-72,8972
Cauca;Mercaderes;1,8;-77,1667
Antioquia;Cocorna;6,0569;-75,1853
Valle del Cauca;Riofrio;4,1561;-76,2878
Córdoba;Purisima de la Concepcion;9,2333;-75,7333
Chocó;Condoto;5,1;-76,65
Boyacá;Combita;5,75;-73,25
Cundinamarca;Anapoima;4,5503;-74,5361
Bolívar;San Martin de Loba;8,8333;-73,9167
Antioquia;San Carlos;6,1897;-74,9969
Antioquia;Sopetran;6,5017;-75,7433
Bolívar;Barranco de Loba;8,95;-74,1167
Sucre;Morroa;9,3333;-75,3167
Tolima;San Antonio;3,9167;-75,5
Cauca;Villa Rica;3,1736;-76,4631
Tolima;Saldana;3,9347;-75,0203
Magdalena;Tenerife;9,8989;-74,8589
Magdalena;Algarrobo;10,1;-74,2667
Magdalena;Algarrobo;10,1;-74,2667
Atlántico;Juan de Acosta;10,8333;-75,0333
Putumayo;Sibundoy;1,2033;-76,9192
Antioquia;Titiribi;6,0667;-75,8
Boyacá;Tibasosa;5,8333;-72,9667
Chocó;El Carmen de Atrato;5,8878;-75,1642
Cesar;Rio de Oro;8;-73,5
Bolívar;Santa Catalina;10,6039;-75,2878
Nariño;Cordoba;0,855;-77,5211
Valle del Cauca;Bolivar;4,3386;-76,1847
Cundinamarca;Sesquile;5,0453;-73,7972
Cesar;Tamalameque;8,8333;-73,5833
Meta;Guamal;3,88;-73,7656
Bolívar;Clemencia;10,5833;-75,3333
Antioquia;Jardin;5,5986;-75,8194
Sucre;Palmito;9,3333;-75,55
Bolívar;Altos del Rosario;8,8;-74,1667
Meta;Castilla La Nueva;3,8333;-73,6833
Antioquia;Canasgordas;6,7497;-76,0258
Boyacá;Raquira;5,5333;-73,6333
Atlántico;Usiacuri;10,75;-74,9833
Caldas;Palestina;5,0833;-75,6667
Córdoba;Chima;9,15;-75,6333
Cundinamarca;Nemocon;5,05;-73,8833
Tolima;Ataco;3,6;-75,3833
Atlántico;Manati;10,445;-74,9597
Sucre;San Juan de Betulia;9,2756;-75,2456
Bolívar;San Jacinto del Cauca;8,25;-74,7167
Cauca;Rosas;2,2667;-76,75
Casanare;Mani;4,8167;-72,2833
Nariño;El Tablon;1,4269;-77,0969
Valle del Cauca;La Victoria;4,5214;-76,0364
Caldas;Pacora;5,5258;-75,4589
Cundinamarca;Agua de Dios;4,3781;-74,6739
Chocó;Bagado;5,4167;-76,4167
Bolívar;Cicuco;9,2667;-74,65
Cundinamarca;La Vega;4,9992;-74,3411
Cundinamarca;San Antonio del Tequendama;4,6328;-74,3522
Cundinamarca;Simijaca;5,5019;-73,8519
Nariño;San Pablo;1,6725;-77,0139
Cundinamarca;Anolaima;4,7617;-74,464
Cundinamarca;Ricaurte;4,2792;-74,7728
Risaralda;Santuario;5,0725;-75,9623
Valle del Cauca;Alcala;4,6667;-75,75
Santander;Los Santos;6,9167;-73,0833
Risaralda;Apia;5,1;-75,95
Magdalena;Santa Barbara de Pinto;9,4333;-74,7
Cundinamarca;Viota;4,4381;-74,5239
Antioquia;San Rafael;6,2975;-75,0314
Huila;La Argentina;2,1961;-75,98
Cesar;Gamarra;8,3333;-73,6667
Caldas;Viterbo;5,0667;-75,8833
Risaralda;Guatica;5,3167;-75,8
Risaralda;Pueblo Rico;5,25;-76,1667
Nariño;Chachagui;1,3605;-77,2835
Boyacá;Saboya;5,7;-73,7667
Magdalena;San Antonio;10;-74,6667
Cundinamarca;Susa;5,4528;-73,814
Cundinamarca;Arbelaez;4,2725;-74,4151
Nariño;El Tambo;1,4131;-77,3981
Bolívar;Hatillo de Loba;8,9586;-74,0808
Bolívar;Cordoba;9,5867;-74,8272
Huila;Pital;2,987;-75,826
Cundinamarca;Fomeque;4,4847;-73,8936
Chocó;Unguia;8,05;-77,1
Cundinamarca;Pasca;4,3075;-74,3008
Antioquia;Puerto Nare;6,1917;-74,5867
Antioquia;Ebejico;6,3333;-75,7667
Caldas;Marquetalia;5,3333;-75
Antioquia;Jerico;5,7833;-75,7833
Chocó;Acandi;8,5333;-77,2333
Sucre;Caimito;8,8333;-75,1667
Quindío;Filandia;4,6667;-75,6333
Santander;Curiti;6,6667;-73
Santander;Oiba;6,2667;-73,3
Nariño;Guaitarilla;1,1333;-77,5564
Norte de Santander;El Carmen;8,5128;-73,4508
Cauca;Paispamba;2,25;-76,5833
Santander;Bolivar;5,9911;-73,7739
Casanare;Trinidad;5,4089;-71,6622
Santander;Puente Nacional;5,8833;-73,6833
Atlántico;Candelaria;10,4592;-74,8806
Meta;Fuente de Oro;3,4667;-73,6167
Atlántico;Santa Lucia;10,3167;-74,95
Chocó;Santa Genoveva de Docordo;4,2586;-77,3675
Sucre;La Union;8,8606;-75,2806
Antioquia;Cisneros;6,5383;-75,0886
Meta;San Carlos de Guaroa;3,7111;-73,2425
Valle del Cauca;La Cumbre;3;38
Antioquia;Valdivia;7,2938;-75,3919
Tolima;Guayabal;4,9633;-74,9056
Meta;Puerto Rico;2,9383;-73,2083
Meta;Hato Corozal;3,1833;-73,75
Cundinamarca;Guacheta;5,3856;-73,6856
Bolívar;Zambrano;9,75;-74,8333
Caquetá;San Jose del Fragua;1,3286;-75,9728
Bolívar;Talaigua Nuevo;9,3069;-74,5686
Boyacá;Santa Rosa de Viterbo;5,8833;-72,9833
Sucre;Covenas;9,4167;-75,7
Santander;El Playon;7,4767;-73,2081
Chocó;Lloro;5,5;-76,5333
Putumayo;Puerto Caicedo;0,685;-76,6044
Huila;Oporapa;2,05;-75,9667
Cundinamarca;Gacheta;4,8176;-73,636
Caquetá;Belen de los Andaquies;1,4161;-75,8725
Valle del Cauca;El Aguila;4,9167;-76,0833
Norte de Santander;La Esperanza;7,6392;-73,3358
Cundinamarca;La Palma;5,3606;-74,3897
Valle del Cauca;Vijes;3,7;-76,45
Norte de Santander;Cachira;7,75;-73,1667
Norte de Santander;Tarra;8,0475;-73,0836
Norte de Santander;El Tarra;8,5756;-73,0944
Cundinamarca;Yacopi;5,4667;-74,3333
Santander;Mogotes;6,4833;-72,9667
Sucre;Buenavista;9,3222;-74,9772
Tolima;Icononzo;4,1833;-74,5333
Antioquia;Santo Domingo;6,4708;-75,1658
Cundinamarca;Choachi;4,5297;-73,9236
Cundinamarca;Ubala;4,7439;-73,5347
Tolima;Villahermosa;5;-75,1667
Atlántico;Tubara;10,8667;-74,9833
Nariño;Yacuanquer;1,1167;-77,4
Meta;Lejanias;3,5268;-74,0232
Norte de Santander;Chitaga;7,1333;-72,6667
Antioquia;Angostura;6,8667;-75,3333
Bolívar;Regidor;8,6667;-73,8333
Huila;Palestina;1,75;-76,0667
Boyacá;Umbita;5,2167;-73,4667
Cundinamarca;Caparrapi;5,3442;-74,4917
Antioquia;Venecia;5,9167;-75,75
Huila;Tello;3,0667;-75,1333
Cundinamarca;Lenguazaque;5,3069;-73,7061
Norte de Santander;Puerto Santander;8,3636;-72,4075
Huila;Santa Maria;2,95;-75,65
Santander;Charala;6,25;-73,0833
Cundinamarca;Medina;4,5092;-73,3494
Nariño;Mosquera;2,4903;-78,4953
Nariño;Potosi;0,8081;-77,5728
Boyacá;Toca;5,5667;-73,2
Nariño;Genova;1,6442;-77,0194
Antioquia;Granada;6,147;-75,188
Huila;Saladoblanco;2,0167;-76,05
Boyacá;Ramiriqui;5,4;-73,3333
Santander;Suaita;6,1019;-73,4406
Valle del Cauca;El Cairo;4,75;-76,25
Antioquia;Vegachi;6,7731;-74,7994
Norte de Santander;San Calixto;8,4;-73,2167
Chocó;Bellavista;6,5236;-76,9744
Cauca;Padilla;3,2333;-76,3167
Cauca;La Sierra;2,25;-76,8333
Bolívar;Arroyohondo;10,1333;-75,5667
Tolima;Coello;4,3333;-74,9167
Bolívar;Margarita;9,0833;-74,2
Caldas;Aranzazu;5,3;-75,45
Bolívar;Norosi;8,5261;-74,0378
Cundinamarca;Cachipay;4,7308;-74,4375
Boyacá;Socota;6,05;-72,6333
Cundinamarca;Sasaima;4,965;-74,4347
Cauca;San Sebastian;1,8439;-76,7717
Sucre;El Roble;9,1;-75,2
Bolívar;San Fernando;9,2797;-74,5339
Bolívar;San Fernando;9,2683;-74,5302
Huila;Tesalia;2,4833;-75,7333
Meta;Mesetas;3,3781;-74,0447
Norte de Santander;Hacari;8,3167;-73,15
Amazonas;Puerto Narino;-3,7733;-70,3819
Caldas;Belalcazar;5;-75,8167
Magdalena;Concordia;10,2667;-74,8333
Boyacá;Tuta;5,7;-73,2333
Risaralda;La Celia;5,0019;-76,0039
Caldas;Filadelfia;5,3;-75,6
Boyacá;Guateque;5,0056;-73,4722
Tolima;Cunday;4,0833;-74,6667
Boyacá;Chita;6,1667;-72,4167
Chocó;Mutis;6,2167;-77,4
Atlántico;Suan;10,3333;-74,8833
Boyacá;Pesca;5,5833;-73,05
Antioquia;Betania;5,75;-75,9667
Cauca;Piamonte;1,1194;-76,3269
Cundinamarca;Bojaca;4,7336;-74,3422
Caldas;Risaralda;5,1667;-75,75
Cundinamarca;Granada;4,5186;-74,3514
Tolima;Falan;5,1333;-74,95
Cundinamarca;Une;4,4019;-74,025
Boyacá;Tibana;5,3167;-73,4
Caquetá;Solita;0,8667;-75,65
Antioquia;Guatape;6,2333;-75,1667
La Guajira;El Molino;10,6533;-72,9242
Tolima;Palocabildo;5,1333;-75,0333
Cundinamarca;Carmen de Carupa;5,3503;-73,9053
Magdalena;San Zenon;9,245;-74,4992
Nariño;Consaca;1,2;-77,4667
Antioquia;Campamento;6,9789;-75,2964
Guaviare;Calamar;1,9206;-72,5542
Huila;Iquira;2,65;-75,65
Nariño;La Florida;1,3017;-77,4106
Nariño;Iscuande;2,4444;-77,9717
Norte de Santander;Arboledas;7,6667;-72,75
Meta;Puerto Lleras;3,2694;-73,375
Nariño;Linares;1,35;-77,5333
Boyacá;Siachoque;5,5;-73,2333
Chocó;Nuqui;5,7167;-77,2667
Huila;Yaguara;2,6661;-75,5186
Antioquia;Angelopolis;6,1333;-75,7
Cundinamarca;Tena;4,6547;-74,39
Casanare;Nunchia;5,6333;-72,2
Antioquia;Argelia;5,7425;-75,1464
Tolima;Carmen de Apicala;4,15;-74,7333
Cauca;Sucre;2,0383;-76,9253
Huila;Teruel;2,75;-75,5667
Tolima;Alvarado;4,5667;-74,95
Cesar;Gonzalez;8,4;-73,3333
Nariño;Ospina;1,0581;-77,5664
Antioquia;Entrerrios;6,5667;-75,5167
Cundinamarca;Tausa;5,1964;-73,8875
Santander;Zapatoca;6,8167;-73,2667
Magdalena;Buenavista;9,3333;-74,3
Meta;San Juan de Arama;3,3736;-73,8767
Nariño;Carlosama;0,8658;-77,7294
Cundinamarca;Junin;4,7903;-73,8136
Nariño;Iles;0,9667;-77,5167
Antioquia;Briceno;7,1111;-75,55
Antioquia;Pueblorrico;5,8;-75,85
Antioquia;Narino;5,6092;-75,1764
Santander;La Belleza;5,8614;-73,9683
Antioquia;Yali;6,6767;-74,8411
Boyacá;Muzo;5,5313;-74,1073
Valle del Cauca;El Dovio;4,5167;-76,2333
Casanare;Orocue;4,7942;-71,34
Chocó;Jurado;7,1114;-77,7714
